<?xml version="1.0" encoding="UTF-8"?>
<beans xmlns="http://www.springframework.org/schema/beans"
	xmlns:xsi="http://www.w3.org/2001/XMLSchema-instance"
	xsi:schemaLocation="http://www.springframework.org/schema/beans http://www.springframework.org/schema/beans/spring-beans.xsd">

	<bean class="org.springframework.web.servlet.handler.SimpleUrlHandlerMapping">
		<property name="mappings">
			<props>
				<prop key="abhibusHome.htm">homeController</prop>
				<prop key="contact.htm">contactController</prop>
				<prop key="getBuses.htm">busController</prop>
			</props>
		</property>
	</bean>
	
	

	<bean id="homeController"
		class="com.rb.irba.Home_Controller"></bean>
		
		
		<bean id="contactController"
		class="com.rb.irba.ContactController"></bean>
		
		
	<bean id="busController"
		class="com.rb.irba.BusesController"></bean>
		
		
<bean
		class="org.springframework.web.servlet.view.InternalResourceViewResolver">
		<property name="prefix" value="/WEB-INF/jsp/"></property>
		<property name="suffix" value=".jsp"></property>
	</bean>
</beans>